doran,dd4979c9-90f7-3410-9ebc-5f0cc4a1460e
haw_p,3a608fe0-9f36-3646-8901-75539bda21e9
cyting,5a256403-7e07-3789-b8d2-8c3d0faead3e
plu_luvgf,58c6eedd-b6c2-37a7-a1ac-7370be671bc6
bbada,08c13fc0-b005-37b1-a396-b5c6524ba28d
yuyoon,7297012a-fc45-39f8-951e-a1d4ae27c3c9
husagiko,a0881349-a960-3e8d-a933-17f6cfcdfa8a
ghost0o0,f87d7e21-2022-3d74-8abe-03c5b8dfcc5b
sandvicha,af22963b-6ba0-3a77-b076-ee4d8fb7e65b
fake_ruby,dfac0766-a9f1-391c-aaed-e025767fb2bb
magpie,118f5b38-9db7-3680-9420-ded5ad36d838
rhuhoijin,dc4b3f62-c0e4-35cb-b3ee-3ef3979ebb8d
